Run,Success,Crashed,RMSE_X,RMSE_Y,RMSE_Z,RMSE_Vx,RMSE_Vy,RMSE_Vz,RMSE_Phi,RMSE_Theta,RMSE_Psi,RMSE_p,RMSE_q,RMSE_r
1,1,0,0,78.0522955152132,0.000768175126158071,0.000270252584407889,0.535210086789143,0.00408104132075847,3.25802209135319e-15,0.000164637754271673,1.9279355403323e-13,3.92710944053664e-13,7.33998040990561e-06,2.35045198264164e-11
2,1,0,0,53.8194334246324,0.000606932211856513,0.000212409304088514,0.479377770695778,0.00324867582300217,2.39586214694893e-15,0.000130918419373249,1.42196002128786e-13,2.89335492744042e-13,5.15181756847472e-06,1.73249072047562e-11
3,1,0,0,60.7095307446029,0.000695896029513282,0.000244261056544926,0.511123878993873,0.00370919928683543,2.86580954725097e-15,0.0001495667783228,1.69811224226466e-13,3.45729537052191e-13,6.32691820518483e-06,2.06966975923931e-11
4,1,0,0,47.796326489114,0.000616995410655942,0.000216004238860308,0.483101991577205,0.00330093310454917,2.44726969544552e-15,0.00013303354224171,1.45220797327039e-13,2.95509699663296e-13,5.28052543992022e-06,1.76941291336693e-11
5,1,0,0,36.5636209674967,0.000410676163302366,0.000142712114998669,0.398359179464555,0.00222085258963297,1.41701975704575e-15,8.93682926447633e-05,8.43970592578744e-14,1.71510562179037e-13,2.86665259535565e-06,1.02750647040971e-11
6,1,0,0,16.2638711551928,0.000164239419007866,5.64383615501658e-05,0.255759748864974,0.000903006097332153,6.1868911784536e-16,3.62531877213213e-05,3.70097585239942e-14,7.50926144312451e-14,7.27056034230256e-07,4.50161876168377e-12
7,1,0,0,93.9993267519765,0.000859670806774994,0.000303297092099496,0.563848469866695,0.00454888430118646,3.76530012213323e-15,0.000183616702661809,2.22430062701159e-13,4.53360828211864e-13,8.69340462498154e-06,2.71276175144292e-11
8,1,0,0,14.5984143752376,4.34057254539571e-05,1.47862590236681e-05,0.132844463572065,0.000241809794412431,1.15743641016897e-15,9.69030468003867e-06,6.93639395173901e-14,1.4064660947187e-13,9.94823503923185e-08,8.43366298960968e-12
9,1,0,0,23.6458725596266,0.000266454789085746,9.20362034211821e-05,0.323570434350076,0.00145380479128774,7.88457251754622e-16,5.84287910550116e-05,4.70785610248593e-14,9.55855398671528e-14,1.49946880467458e-06,5.72857369215716e-12
10,1,0,0,36.7111231043113,0.000484172507025107,0.000168718383275514,0.430835182207985,0.00260777966358851,1.77153466844636e-15,0.000104998173538121,1.05374580698616e-13,2.14241231327805e-13,3.66968526437785e-06,1.2832579342033e-11
11,1,0,0,59.892364988939,0.000676559670258581,0.000237324354489855,0.504444427473675,0.00360938541147189,2.76290256338208e-15,0.000145523269858231,1.63772238290534e-13,3.33391239159892e-13,6.0643262298027e-06,1.99591313315434e-11
12,1,0,0,29.6953250244254,0.000343677796639286,0.000119109711978716,0.36578775250534,0.00186586355618738,1.11093124462441e-15,7.50417658673753e-05,6.62439169202564e-14,1.34563135234975e-13,2.19514888379213e-06,8.06296286709968e-12
13,1,0,0,67.1840990587262,0.000709026701199273,0.000248975621157409,0.515599570648249,0.00377689640807974,2.93803519783717e-15,0.0001523097142225,1.74048128408436e-13,3.5438731610388e-13,6.50732417630389e-06,2.12142080049964e-11
14,1,0,0,33.6547889652065,0.000403231051246255,0.000140084440047784,0.394888030331953,0.00218151164614515,1.38230184633744e-15,8.77799663909903e-05,8.23400691272413e-14,1.67322335300199e-13,2.78918536070082e-06,1.0024351975533e-11
15,1,0,0,49.1480670452186,0.000584776062709143,0.00020450061482677,0.471073108471909,0.00313349086577813,2.27951968230938e-15,0.000126257054852817,1.35345866633879e-13,2.75356647776608e-13,4.8716893410598e-06,1.64888697908139e-11
16,1,0,0,75.8184823503752,0.000794073219946886,0.00027959013290817,0.543508304151705,0.00421377952896464,3.40176878270016e-15,0.000170020656403514,2.01201793289118e-13,4.0991028961448e-13,7.71534455218979e-06,2.45321686317267e-11
17,1,0,0,79.8252785518486,0.000810196342643739,0.000285409184710938,0.548603765463436,0.00429630023171527,3.48904930421647e-15,0.000173367796971904,2.0630304027799e-13,4.2034841116277e-13,7.95187174484493e-06,2.51557494555853e-11
18,1,0,0,32.5846466634169,0.000411215360637498,0.000142902475974224,0.398608853635987,0.00222370053918098,1.41955687127617e-15,8.94832811330334e-05,8.45474996008806e-14,1.71816606196537e-13,2.87229706936257e-06,1.02933959295549e-11
19,1,0,0,65.9888275593833,0.000703086151791474,0.000246842116689015,0.513583627288968,0.00374628030853661,2.90448279116405e-15,0.000151069151519235,1.72079974481169e-13,3.50365510668871e-13,6.42540812615494e-06,2.09738096387007e-11
20,1,0,0,66.3685134069209,0.000732747692899704,0.000257500365771893,0.523578473828784,0.0038990370417507,3.06482517365855e-15,0.000157259508264266,1.81480234901204e-13,3.69578290644374e-13,6.83709378103233e-06,2.21221403665177e-11
21,1,0,0,33.9987805042291,0.000429563329126322,0.000149384105719695,0.40699335415767,0.00232052533514739,1.50658902927999e-15,9.3393167495054e-05,8.9702021201856e-14,1.82312903559809e-13,3.06667492006137e-06,1.09216997649755e-11
22,1,0,0,3.39655193840081,5.04291858550488e-05,1.71908548455057e-05,0.143079566053858,0.000280637699916296,1.17363737135722e-15,1.12479511051052e-05,7.03268310927944e-14,1.42605457538183e-13,1.24483669919236e-07,8.55096569677412e-12
23,1,0,0,90.5360442682787,0.000834918536801807,0.000294342146121106,0.556285530425327,0.00442262531428797,3.62756722029577e-15,0.000178492932950709,2.14393073347724e-13,4.36906216518279e-13,8.31973392466686e-06,2.61448327270265e-11
24,1,0,0,18.3292563832534,0.000228954174551327,7.8942983214536e-05,0.300647289399859,0.00125248717519028,6.72593720485692e-16,5.03192588289401e-05,4.01890416239754e-14,8.15764651990075e-14,1.19498989228057e-06,4.88950698620655e-12
25,1,0,0,73.0363895765915,0.00072638649228422,0.000255213443206258,0.521449774750685,0.00386630025503117,3.03186278383805e-15,0.000155932734618631,1.79548780518252e-13,3.65630067475344e-13,6.74824391572092e-06,2.18861679832957e-11
26,1,0,0,26.7833616323056,0.000345426308629881,0.000119724248151858,0.366686091329189,0.00187515956891283,1.1190466598928e-15,7.54167486070071e-05,6.67260796723321e-14,1.35543819611506e-13,2.21180983570562e-06,8.12170216011312e-12
27,1,0,0,55.5832689503976,0.000678315045491456,0.000237954184859086,0.505046332684942,0.003618444181944,2.77159739934041e-15,0.000145890259201659,1.64281818726402e-13,3.34432850764774e-13,6.08826669924245e-06,2.00213885551532e-11
28,1,0,0,20.3617600296351,0.000257205394763147,8.8803400803355e-05,0.318087622483296,0.00140422772465456,7.56036609140605e-16,5.64312724838039e-05,4.51505239624914e-14,9.16652557849366e-14,1.42223798515054e-06,5.49376497215525e-12
29,1,0,0,71.7111135674414,0.000767214282496325,0.000269906409278925,0.534898843848506,0.0040761114605209,3.25270289995504e-15,0.000164437865485384,1.92482220503824e-13,3.92074228793122e-13,7.32618292112628e-06,2.34664720968873e-11
30,1,0,0,37.3859608243983,0.000389414252509053,0.000135210806859396,0.388366989520453,0.00210843967442338,1.31835078187746e-15,8.48301661045621e-05,7.85498060161205e-14,1.59605996379695e-13,2.64703483841579e-06,9.56241342857634e-12
31,1,0,0,12.5045503906283,0.000101965882986343,3.49038400058154e-05,0.202485003147599,0.000563883569482046,6.52974943178059e-16,2.26200999547719e-05,3.90970154666965e-14,7.93009794496974e-14,3.56538014528935e-07,4.75454905652024e-12
32,1,0,0,23.6901287270419,0.000235953852542386,8.13840850985411e-05,0.305072071619122,0.0012901280323697,6.90795906834145e-16,5.18351529355034e-05,4.12710381454942e-14,8.37767942273794e-14,1.25005422677963e-06,5.02128579147575e-12
33,1,0,0,46.8972259290499,0.000526291579816512,0.000183673492228076,0.448215342094595,0.00282841676090275,1.98152005979945e-15,0.000113917199496156,1.17776206804807e-13,2.39520563859483e-13,4.15883810156031e-06,1.4345167561725e-11
34,1,0,0,99.7736289539876,0.000906004952289996,0.000320090639879925,0.577663365378357,0.00478462765415966,4.02470932113702e-15,0.000193187116389257,2.37547210037471e-13,4.84326202504858e-13,9.40759244046705e-06,2.89767143034848e-11
35,1,0,0,31.6061475084395,0.000398104245493467,0.000138275614588243,0.392480477989706,0.00215440730965663,1.35845306261104e-15,8.66857522237317e-05,8.09268204987436e-14,1.64444983195206e-13,2.73619406825606e-06,9.85210402338775e-12
36,1,0,0,46.086164995812,0.000542529079232997,0.000189449087036085,0.454694639238204,0.0029132596476261,2.06355029199442e-15,0.000117348146841097,1.22616062847129e-13,2.49389599626115e-13,4.35307632752847e-06,1.4935595179645e-11
37,1,0,0,104.459166435745,0.000913788591777329,0.000322916146094772,0.579934875151712,0.00482414423866248,4.06671869680408e-15,0.00019479187619199,2.39992206278085e-13,4.89336673074952e-13,9.5296931920165e-06,2.9275863234291e-11
38,1,0,0,61.542797980714,0.000718227018864652,0.000252280027686166,0.518726467511144,0.00382430945072705,2.98740246444113e-15,0.000154230907314959,1.76944202789287e-13,3.60305071115081e-13,6.63415517918605e-06,2.1567941514703e-11
39,1,0,0,24.0142688127693,0.00025952600069931,8.96143232343957e-05,0.319470484098247,0.00141666995655554,7.6412902376981e-16,5.69325634655275e-05,4.56318625911782e-14,9.26438424879862e-14,1.44151766175454e-06,5.55238356676762e-12
40,1,0,0,36.1760702193096,0.000486777791151745,0.000169642068895944,0.431943512890004,0.00262145637629781,1.78393796830659e-15,0.000105550870179822,1.06107771448731e-13,2.15735295207089e-13,3.69914810679409e-06,1.29219879762977e-11
41,1,0,0,50.9149765257494,0.000588813976948969,0.000205941448426206,0.472594049922511,0.00315449359353254,2.30038531424189e-15,0.000127106942151439,1.36574654783425e-13,2.77864084766036e-13,4.92249571679592e-06,1.66388316787587e-11
42,1,0,0,25.9723551513533,0.00037600285951111,0.000130484572100457,0.3819018610161,0.00203741563176172,1.25673375810153e-15,8.19635943405737e-05,7.4895834463809e-14,1.52169036954717e-13,2.51165936352944e-06,9.11714297732672e-12
43,1,0,0,7.06343136487838,5.53672048312059e-05,1.88829619927757e-05,0.149844235005921,0.000307900009321938,1.14842553931991e-15,1.23418281104309e-05,6.88114795104507e-14,1.39535354352475e-13,1.43136709400807e-07,8.36680500841297e-12
44,1,0,0,28.6445847954877,0.000295716775209742,0.000102277966084875,0.340266418716864,0.00161032889204561,9.02853930629988e-16,6.47371701390111e-05,5.38809959391899e-14,1.09417351417767e-13,1.75262216658564e-06,6.55703300389183e-12
45,1,0,0,35.9574835084792,0.00045903417604135,0.000159810102183366,0.420062878659412,0.00247572143157443,1.64860854402323e-15,9.96620391935436e-05,9.81064488067687e-14,1.99432051402896e-13,3.38749329228916e-06,1.19463200202919e-11
46,1,0,0,15.7846761159406,0.000171481201470735,5.89506851125137e-05,0.261201799272627,0.000942253131707765,6.1368520621714e-16,3.78320294685837e-05,3.67066243060743e-14,7.44802087205759e-14,7.75522380257697e-07,4.46484422326193e-12
47,1,0,0,69.3669753446223,0.000754339584158418,0.000265269878057211,0.530700163233955,0.00401001418857969,3.18391961270948e-15,0.000161758089419662,1.88456048430248e-13,3.83840497575491e-13,7.14233521972634e-06,2.29744718368947e-11
48,1,0,0,48.6927795909609,0.000597877390231397,0.000209176000110665,0.476004432857149,0.00320162598973691,2.34746546880972e-15,0.000129014239859069,1.39346921255956e-13,2.83521230663158e-13,5.03671595927614e-06,1.69771747158004e-11
49,1,0,0,55.7176203539156,0.000677057508027247,0.000237502844462503,0.504618046174577,0.00361195736142983,2.76580804456182e-15,0.000145627448228831,1.63943223253756e-13,3.33740058595789e-13,6.07103221808487e-06,1.99800007114494e-11
50,1,0,0,47.5176495618233,0.000594377768094327,0.000207926531368921,0.474699459843863,0.00318343796056791,2.3292358768385e-15,0.000128278163662407,1.38273585552355e-13,2.81330825665038e-13,4.99229608344344e-06,1.68461768346819e-11
51,1,0,0,21.448538095163,0.000186875409889327,6.4296419580499e-05,0.272381373663562,0.00102556249216536,6.11047857369461e-16,4.11841038565421e-05,3.6540065912463e-14,7.41487800951133e-14,8.81923112118537e-07,4.44481387261258e-12
52,1,0,0,75.4591010361285,0.000748188580457919,0.000263055991433366,0.528676460453725,0.00397841022928627,3.14929834105123e-15,0.000160476923943358,1.86428654567388e-13,3.79695109553745e-13,7.05514677061419e-06,2.27267414152229e-11
53,1,0,0,36.7785722655616,0.000544542884459242,0.0001901657355266,0.45549135142613,0.00292377469338245,2.07376977354588e-15,0.000117773405991234,1.23218849369089e-13,2.50618968426518e-13,4.37735327612978e-06,1.50091311807868e-11
54,1,0,0,55.5267854053169,0.000664063682230441,0.000232846393857351,0.500047383089054,0.00354478209892046,2.69691751986265e-15,0.000142906746172419,1.59896647531965e-13,3.25475265008424e-13,5.89723194950293e-06,1.94858772219789e-11
55,1,0,0,39.1728807160766,0.000529712037472593,0.000184889993882265,0.449580448974342,0.00284629184115863,1.99826193069334e-15,0.000114640030389009,1.18764153859109e-13,2.41535135023126e-13,4.19971544323547e-06,1.44656828848588e-11
56,1,0,0,42.8986996352931,0.000512698421528931,0.000178842890154571,0.442697151646134,0.00275729754343837,1.91324945032656e-15,0.000111041768146868,1.13746135021295e-13,2.31304264765924e-13,3.99868365286624e-06,1.38535802699466e-11
57,1,0,0,61.7099496637164,0.000635565804965376,0.000222643470975403,0.489885040556789,0.00339725938464906,2.54519254657298e-15,0.000136933002920075,1.5098072964479e-13,3.07267847017527e-13,5.52079772062411e-06,1.83972596483256e-11
58,1,0,0,52.3856088249343,0.000583493429595207,0.000204043577647935,0.470573934687572,0.00312680582215119,2.27407940622993e-15,0.000125986620292621,1.35025512425339e-13,2.74703099240041e-13,4.85595833317196e-06,1.64497726615244e-11
59,1,0,0,39.1122851343825,0.000559915195623152,0.000195639124603204,0.461514624866047,0.00300398036309302,2.15168572856009e-15,0.000121017512467396,1.27813107398304e-13,2.59989393053233e-13,4.56425432115563e-06,1.55696752074979e-11
60,1,0,0,8.40716926632177,0.000101058975432348,3.45912143497701e-05,0.201597407384894,0.000558921446763325,6.53567441656392e-16,2.24207492886321e-05,3.91329258121117e-14,7.9373651746162e-14,3.51810620265811e-07,4.75890906301158e-12
61,1,0,0,49.4158183031022,0.000592054300723292,0.000207097503385097,0.473820902959262,0.00317135162128993,2.31780443823845e-15,0.000127789089322304,1.37600541121698e-13,2.79957319757712e-13,4.96312485773841e-06,1.67640340821526e-11
62,1,0,0,37.6325285181248,0.00044111352308324,0.000153467887903496,0.412177947301191,0.00238140072874338,1.56149630613322e-15,9.58518243798835e-05,9.29522792096957e-14,1.88932627477523e-13,3.19104532252557e-06,1.13179285006654e-11
63,1,0,0,36.3826989254108,0.000423641145360149,0.000147291117941733,0.404312900467773,0.00228929285012381,1.47823876486264e-15,9.2131852766638e-05,8.80232746467154e-14,1.7889420194916e-13,3.00340083648529e-06,1.07170627737521e-11
64,1,0,0,43.0262114383013,0.000552989033215836,0.000193172490534425,0.458810946806731,0.00296785412043804,2.11651046134301e-15,0.000119556235499239,1.25739510082284e-13,2.55759751253513e-13,4.47975765887206e-06,1.53166643778351e-11
65,1,0,0,54.962268019562,0.000671579792565163,0.000235539625358525,0.502693770251881,0.00358364343799493,2.73566908497528e-15,0.000144480662713746,1.62172397660298e-13,3.30123665802635e-13,5.99766251005134e-06,1.97637801322606e-11
66,1,0,0,21.6424614441518,0.000184337802363006,6.34147157011427e-05,0.270575361887468,0.00101184131250171,6.10250343041764e-16,4.06319458025517e-05,3.64938989985017e-14,7.40540494853955e-14,8.64052599677484e-07,4.43915643556613e-12
67,1,0,0,37.9629762532293,0.000439543126354772,0.000152912688077336,0.41146999999489,0.00237312296004403,1.55464412819962e-15,9.55175044879929e-05,9.25468104314401e-14,1.8810670452361e-13,3.17418452659784e-06,1.12684939398701e-11
68,1,0,0,47.4999305843297,0.000591556344382058,0.000206919970366906,0.473629110122934,0.00316875833486992,2.31465688202728e-15,0.000127684169358598,1.37415152989046e-13,2.79579132052127e-13,4.9569627096228e-06,1.67414045069754e-11
69,1,0,0,61.9026618972815,0.000692591227139487,0.00024307481895196,0.509993452369597,0.0036921538425443,2.84887623882355e-15,0.00014887617699406,1.68817818664239e-13,3.43699698342129e-13,6.28167267318135e-06,2.05753596641869e-11
70,1,0,0,52.7574199976325,0.000633386945310717,0.000221864095260884,0.489096183243939,0.0033859656532008,2.53342452827153e-15,0.000136475764014027,1.50288419306949e-13,3.05854747651704e-13,5.49239294354649e-06,1.83127482656538e-11
71,1,0,0,23.5679335042233,0.000110472391992563,3.78376543232844e-05,0.210614982314259,0.00061039136991322,6.49211906385156e-16,2.44887249856171e-05,3.88666406024978e-14,7.88376316498174e-14,4.01898093736444e-07,4.72666752911178e-12
72,1,0,0,47.0648645893497,0.000589890072545331,0.000206325077300665,0.473008778014576,0.00316009824094598,2.30597507034266e-15,0.000127333693744743,1.36903873027481e-13,2.78535877074469e-13,4.93580243279319e-06,1.66790085135875e-11
73,1,0,0,37.0506529207183,0.000497529469124966,0.000173457056659957,0.4364340191354,0.00267783281607381,1.83765196136668e-15,0.000107829509205859,1.09281347946281e-13,2.22203399254441e-13,3.82262166011166e-06,1.33090253237648e-11
74,1,0,0,43.2840592935281,0.000489222313037014,0.000170509368294308,0.43296522156275,0.00263427596107723,1.79599889196652e-15,0.00010606900561744,1.06820317819758e-13,2.17187531695965e-13,3.72718984219124e-06,1.30088887701953e-11
75,1,0,0,60.8168759423009,0.000646933279851189,0.00022671173007431,0.493961521948832,0.0034561365946656,2.60612621313707e-15,0.000139316970086197,1.54562358582562e-13,3.14581386826654e-13,5.67017218268891e-06,1.8834545740577e-11
76,1,0,0,34.0150454411183,0.000422083678232753,0.00014674099275538,0.403597909914779,0.00228107236760365,1.47097740167332e-15,9.17999097696394e-05,8.75931662546962e-14,1.78018509505112e-13,2.98695785358394e-06,1.06646382161557e-11
77,1,0,0,56.2182664160472,0.000636394308294943,0.000222940237662696,0.490175465949207,0.00340154511385561,2.54910199169302e-15,0.000137106566205126,1.51210063573447e-13,3.07736465224364e-13,5.5318580446581e-06,1.84252679910932e-11
78,1,0,0,60.0720428630129,0.000665899521909353,0.000233504395073223,0.500689312636596,0.00355427054857812,2.70600994178943e-15,0.000143291057298491,1.60430883689899e-13,3.26566263473074e-13,5.92187999167653e-06,1.95511051913672e-11
79,1,0,0,28.7148706530101,0.000357746855177683,0.000124057412685234,0.372903656300552,0.0019405966438653,1.17384559304409e-15,7.80567274919011e-05,6.99784661275997e-14,1.42161674171137e-13,2.33108242858901e-06,8.51796320697022e-12
80,1,0,0,42.1628396861645,0.000541521087629292,0.000189090536698265,0.45429155836239,0.00290799299113392,2.05812541240852e-15,0.000117135168002096,1.22296102193667e-13,2.48737178443152e-13,4.34102762822911e-06,1.48965627477906e-11
81,1,0,0,40.2544755010129,0.000361102797460939,0.000125238302992835,0.374577268809014,0.00195840761191082,1.1887838323059e-15,7.87753652463088e-05,7.08648207350312e-14,1.4396538698569e-13,2.36392417114551e-06,8.62596197017508e-12
82,1,0,0,78.3503487276455,0.000810443898563218,0.000285499626276521,0.548662523057913,0.00429754486312449,3.49203080035033e-15,0.000173418413776216,2.06477453137021e-13,4.20705121590599e-13,7.95615502425836e-06,2.51770592010865e-11
83,1,0,0,89.1517532025462,0.000789234749869694,0.000277844059779827,0.541981328397508,0.00418901202006599,3.37606662346812e-15,0.00016901607715023,1.99701364148658e-13,4.06838984758997e-13,7.64437679814267e-06,2.43487093432477e-11
84,1,0,0,44.0864847792505,0.000619659601712893,0.000216956004286544,0.484089769306642,0.00331476770115977,2.46117616799168e-15,0.000133593502063638,1.46039018533228e-13,2.97179719928801e-13,5.31457664641e-06,1.7794004741722e-11
85,1,0,0,48.3166947440674,0.000639818961930927,0.000224165679851436,0.491406617703553,0.00341928688789428,2.56835404908579e-15,0.000137824915888943,1.52341903125997e-13,3.10047600026635e-13,5.57676060138737e-06,1.85634514151312e-11
86,1,0,0,42.6830516163364,0.000541034896038048,0.000188917149393559,0.454109737218153,0.0029054622347913,2.05608649780736e-15,0.000117032770866605,1.22175853440805e-13,2.48491888338659e-13,4.33492151753256e-06,1.48818868870922e-11
87,1,0,0,34.6980348457879,0.000409461283386009,0.000142283231139946,0.397795962242711,0.00221443528551436,1.41127439999925e-15,8.91091912764366e-05,8.40567357927372e-14,1.70817465509039e-13,2.85394857189438e-06,1.0233580804271e-11
88,1,0,0,6.53208957223704,7.88184495739508e-05,2.6934360469145e-05,0.178381379793509,0.000436997970397811,8.91188802723544e-16,1.75238583220697e-05,5.33806000994332e-14,1.08257866544805e-13,2.42649635438358e-07,6.49104714857479e-12
89,1,0,0,39.3269920052696,0.000349840384622934,0.000121276398713994,0.368922222738498,0.00189861004546381,1.13837209050728e-15,7.63627926104585e-05,6.78729660532079e-14,1.37877524471856e-13,2.2543828927806e-06,8.26143325538332e-12
90,1,0,0,52.2992894599716,0.000542776714374237,0.00018953681519635,0.454803731706918,0.00291456118172054,2.06521791347903e-15,0.000117400735039224,1.22715514782377e-13,2.4959167793648e-13,4.35580020437248e-06,1.49477001694107e-11
91,1,0,0,12.7633053042996,4.81952889805051e-05,1.64257661050072e-05,0.13990836019096,0.00026829482326623,1.16499954071858e-15,1.07527580371496e-05,6.98116395705242e-14,1.41558144663144e-13,1.16331360225777e-07,8.48823128032174e-12
92,1,0,0,35.38708988551,0.00043777070479697,0.000152285785957212,0.410681388824252,0.00236378639226441,1.5457491953056e-15,9.51403869227415e-05,9.20202529729038e-14,1.87034339353133e-13,3.15495601762839e-06,1.12043032136691e-11
93,1,0,0,55.2007250721725,0.000686757460441385,0.000240982003632608,0.507976090835684,0.00366204023048649,2.816843259443e-15,0.0001476562587088,1.66937886704893e-13,3.39858796497281e-13,6.20248111862264e-06,2.03457602046072e-11
94,1,0,0,20.8206097295598,0.000320980195557046,0.000111137125860616,0.353974199674794,0.00174508595161652,1.01117903786801e-15,7.0170444285369e-05,6.03195594719229e-14,1.22511394412777e-13,1.98151823819328e-06,7.34125426782233e-12
95,1,0,0,20.3053377997319,0.000249479391670702,8.61047357120539e-05,0.313425709249225,0.00136277786879334,7.30650458533025e-16,5.47614276275528e-05,4.36408440248564e-14,8.85954711276207e-14,1.35878035007828e-06,5.30990291588577e-12
96,1,0,0,38.6225080963798,0.000485830620656463,0.000169306330954853,0.431538067871515,0.00261648247869151,1.77924722709322e-15,0.000105349876884622,1.05830352770793e-13,2.15170023039452e-13,3.68848900124854e-06,1.28881648584875e-11
97,1,0,0,71.7800346859969,0.000783508263867073,0.000275780177528451,0.540128246593407,0.00415964470574892,3.34363296970528e-15,0.000167825250143914,1.97802269810341e-13,4.02955808788408e-13,7.56192224368807e-06,2.41166531508869e-11
98,1,0,0,96.7241031535072,0.000864806053681107,0.000305157190229562,0.565387456015998,0.00457503378703925,3.79365615704418e-15,0.000184678154704687,2.24083445208919e-13,4.56746881379091e-13,8.77210265255775e-06,2.73298323164333e-11
99,1,0,0,8.34729784953568,9.57419014023557e-05,3.27589410424202e-05,0.196309843819882,0.000529814687838972,6.58829104451138e-16,2.12514821571853e-05,3.94512781207161e-14,8.00169542511235e-14,3.24511088866212e-07,4.79753309983587e-12
100,1,0,0,19.1724318325404,0.000217719855564423,7.50278037266793e-05,0.293393091022238,0.0011920121257414,6.47500739809557e-16,4.78841290320804e-05,3.8697996933114e-14,7.85438563993093e-14,1.10834058678079e-06,4.70788362392158e-12
