Run,OK,RMSE_Pn,RMSE_Pe,RMSE_Pd,RMSE_u,RMSE_v,RMSE_w,RMSE_phi,RMSE_theta,RMSE_psi,RMSE_p,RMSE_q,RMSE_r
1,1,0,4.65767970263764,0.0514357285307097,10.0217211925883,1.74382357950586e-09,0.131514399506223,2.53311813716902e-11,0.00379698057203888,5.55384250733743e-11,2.17383111054912e-11,9.96300424591242e-05,3.59023134681954e-09
2,1,0,7.30830688272437,0.0480418072182779,10.0440197780996,5.14247461868792e-08,0.12275297684866,1.48576297488097e-09,0.00354209922333709,1.72066036406126e-09,1.1676657455997e-09,9.40051948890747e-05,4.19922242206751e-09
3,1,0,0.452214460728573,0.0514849291881432,10.0213898672695,1.21841999287923e-09,0.131644405702873,9.88545599136287e-13,0.00380075651485727,3.48229820753847e-11,9.82156000154097e-12,9.97102784376667e-05,3.66359022414458e-09
4,1,0,8.67534277233967,0.0470230778259298,10.0507030946161,9.41596537326232e-08,0.120127365021486,1.96351954055424e-09,0.00346576416099417,3.2486880164763e-09,1.43592751808265e-09,9.22816273399548e-05,4.46453451839762e-09
5,1,0,0.779672742434548,0.0504005156649362,10.0285717863655,1.20932244138685e-09,0.128825725857189,5.77561225482365e-13,0.00371877702924966,3.45341287752881e-11,9.57688729065486e-12,9.79336142361857e-05,3.64124986134422e-09
6,1,0,1.77433320704053,0.0511242897327699,10.0237795956751,1.22842769850267e-09,0.130707178635743,8.18586099396383e-13,0.0037734945753335,3.50701601889418e-11,9.46183166727411e-12,9.91212288933055e-05,3.67773693082954e-09
7,1,0,1.23461858632485,0.0505924799283565,10.0273053494911,1.17012433258183e-09,0.129327036493607,7.47509600033001e-13,0.00373335171500257,3.34185303655528e-11,9.26905356564784e-12,9.82479209559161e-05,3.46630482580729e-09
8,1,0,3.21596486213058,0.0514154783593788,10.021860676801,1.23787334044059e-09,0.131461592436412,9.83907583355248e-12,0.00379544609796052,3.56980455934464e-11,1.37382607076133e-11,9.95964638743789e-05,3.61517348953799e-09
9,1,0,2.62257197000964,0.0511403255877664,10.0236695403602,1.27440347677793e-09,0.130748756985361,1.28302167329998e-11,0.00377470313889887,3.7111096132519e-11,1.44263403639499e-11,9.91479903387254e-05,3.55294397431581e-09
10,1,0,3.06773172239084,0.0514799499266049,10.0214269673691,1.140453960573e-09,0.131628307865816,5.1370589227248e-12,0.00380029579653374,3.26683932309275e-11,1.10858399255806e-11,9.97027575553302e-05,3.41605252083414e-09
11,1,0,0.429023818877446,0.0510022937629192,10.0245763774777,1.23429334736725e-09,0.130390414727917,8.12714096116327e-13,0.00376427763084501,3.52661707301576e-11,1.00827620854562e-11,9.89229940300817e-05,3.77107336982406e-09
12,1,0,4.11760865650906,0.0499032470237892,10.0317847003279,1.0050628372576e-08,0.127559704868996,1.96188395743993e-10,0.00368189197356794,3.48369921661472e-10,1.62203457544821e-10,9.71129249278439e-05,3.56355514215236e-09
13,1,0,0.158795958729089,0.0517002622417222,10.0199786193647,1.17597256692596e-09,0.132203522384095,2.77210642835085e-13,0.0038170271366716,3.35739208910128e-11,9.33236572085714e-12,0.000100058799823791,3.57593904810042e-09
14,1,0,1.76287616905311,0.0514985666541083,10.0212950063886,1.2181258128311e-09,0.131678759865043,3.69107813966213e-12,0.00380175695846986,3.50604779429684e-11,1.05222591986984e-11,9.97334898174129e-05,3.62191829048367e-09
15,1,0,0.328220015165525,0.0506731768761139,10.0267533447831,1.2207754529482e-09,0.129532183323697,8.3702813512292e-13,0.00373932223551594,3.48644899780638e-11,9.51484074977833e-12,9.83846493208611e-05,3.6806805828792e-09
16,1,0,0.635353654591072,0.0505734345840957,10.0274265875069,1.23117827620313e-09,0.129276930495374,5.04744677077372e-13,0.00373189458995075,3.51549820761348e-11,9.56533815929527e-12,9.82174533341613e-05,3.65658046087987e-09
17,1,0,0.94138947657527,0.0517366541544378,10.019731292596,1.13805872672913e-09,0.132298718046197,3.16612187501117e-13,0.00381979367798962,3.24939216768883e-11,9.22820002392995e-12,0.000100118592120826,3.43613701305873e-09
18,1,0,0.434611659532802,0.050705117402684,10.0265545806491,1.23339923600864e-09,0.1296188846748,2.96515329869707e-13,0.00374183959666281,3.522525405388e-11,9.76422903763762e-12,9.84340479667811e-05,3.71120250298767e-09
19,1,0,0.272210486580931,0.0507608326291029,10.0261805244518,1.18628193913311e-09,0.129762939303067,4.90923082311407e-13,0.00374602927910767,3.38699181349102e-11,9.17405097760478e-12,9.85264550672421e-05,3.53006755223721e-09
20,1,0,2.66740088178115,0.0511981282010056,10.0232920171057,1.20876729533684e-09,0.13089885629169,7.22727772988855e-12,0.00377907066465068,3.47051590280279e-11,1.21253969825061e-11,9.92418516460605e-05,3.55309335131421e-09
21,1,0,1.97074871477557,0.0515275318031317,10.0211066053055,1.21556515795656e-09,0.131754373778469,6.11696677415688e-12,0.00380395685360791,3.48860672025024e-11,1.26119662460253e-11,9.97800497217459e-05,3.5959029203106e-09
22,1,0,0.270952475656284,0.0515384678524369,10.0210383510312,1.2006104834135e-09,0.13178323798686,7.54541299559845e-13,0.00380479663986973,3.42803205365342e-11,9.24297758438399e-12,9.97972207344277e-05,3.57437473404758e-09
23,1,0,2.68011746713131,0.0513024034336101,10.0226074789787,1.24418740466583e-09,0.131169700850092,3.78227370279885e-12,0.00378695088894101,3.55951557129194e-11,1.0730992599601e-11,9.94113994381211e-05,3.6685087324251e-09
24,1,0,4.27536534254523,0.0511523357255917,10.0236043063378,1.52117923704614e-09,0.130782462894017,1.52533720923993e-11,0.00377568234653509,4.70979926828415e-11,2.10281938754798e-11,9.91647149956462e-05,3.75480792458779e-09
25,1,0,6.76325772437427,0.048190702460295,10.0430862885489,1.3724920789445e-08,0.123123659181284,2.74303040032826e-10,0.00355291580951883,4.92372106690913e-10,4.86932873987194e-10,9.42550320788126e-05,3.79177090376426e-09
26,1,0,3.41983780671384,0.0511225473689748,10.0237873792829,1.53026159139683e-09,0.130700894442585,1.65339042473364e-11,0.00377331416373151,4.78479727364215e-11,2.15271923349649e-11,9.91196651275951e-05,3.56683064404847e-09
27,1,0,2.69562865494031,0.0516142141501607,10.0205530617841,1.38734527095651e-09,0.131976706884818,2.106792400174e-11,0.00381043601057482,4.22417137609382e-11,1.72073850301116e-11,9.99196302066072e-05,3.38348024100379e-09
28,1,0,0.245220931777726,0.0511141338263638,10.0238488426444,1.19062921062492e-09,0.130682756152454,1.0205280111637e-12,0.00377278081844777,3.40157323660857e-11,9.68816887504648e-12,9.91035595577146e-05,3.56335819673642e-09
29,1,0,1.0401487379494,0.0509581508229774,10.0248862396137,1.21175952640271e-09,0.130276686823253,2.5443787156422e-12,0.00376097251408232,3.46378371211497e-11,1.01813109198836e-11,9.8847933641184e-05,3.6246561001313e-09
30,1,0,5.08467566408518,0.0474495965840709,10.0478987348483,6.18248849842181e-08,0.121227189432576,1.63133787186442e-09,0.00349773374046652,2.08550195488276e-09,1.15351913156459e-09,9.30056520090846e-05,4.49565799528078e-09
31,1,0,0.39091162981314,0.0513039629591808,10.02258790575,1.19802948501211e-09,0.131174537523661,3.05876190311501e-13,0.00378708753756017,3.42127911044556e-11,9.47894310666825e-12,9.94149091488709e-05,3.60196940525611e-09
32,1,0,3.23227713159817,0.0507807999440707,10.0260451590145,1.26466175512903e-09,0.129814243972355,1.57425364296254e-11,0.00374752185941094,3.72637252503838e-11,2.36331589434413e-11,9.85597670944758e-05,3.51194397470012e-09
33,1,0,0.938742751741151,0.0513203544114268,10.0224769557664,1.18424623757388e-09,0.131216519184862,1.45677366554722e-12,0.00378830928468773,3.38327889522314e-11,9.70274138333868e-12,9.94422521250542e-05,3.64264349306992e-09
34,1,0,0.7056681987718,0.0511735368218173,10.0234437401252,1.21499490005436e-09,0.130836630021677,7.18117647071929e-13,0.00377725431490345,3.47092221474885e-11,9.81626107998789e-12,9.92025378287478e-05,3.71198224496293e-09
35,1,0,0.328568812665043,0.0514032193400077,10.0219282259687,1.19398830099378e-09,0.131429752872747,1.90552429806879e-12,0.00379451634070693,3.41043412351635e-11,9.59058664820133e-12,9.95782409433638e-05,3.58024964905441e-09
36,1,0,0.128955009425519,0.0505904600589566,10.0273063930446,1.16850460128089e-09,0.129319929484221,1.31943923552579e-12,0.00373314555774382,3.33698696674024e-11,9.52338443929497e-12,9.82469291361357e-05,3.52586699628677e-09
37,1,0,9.59681638275178,0.04781141346298,10.0455243223656,7.87041274563473e-08,0.12216150984706,1.79094513899231e-09,0.00352489452823745,2.69306951005205e-09,1.19899078286876e-09,9.36167876310863e-05,4.39220420808506e-09
38,1,0,6.13355035868169,0.0492467631419457,10.0361207959895,1.43605770405572e-08,0.125858299835262,2.89887207841488e-10,0.0036324180625291,5.1550612453717e-10,5.1468745437599e-10,9.60226552500758e-05,3.71167925748597e-09
39,1,0,3.92506723833697,0.0513304730539733,10.0224160282826,1.63270008838574e-09,0.131240217005276,1.97827405596958e-11,0.00378900531116558,5.24742088359194e-11,2.71412124408394e-11,9.94590551010465e-05,3.40185043574107e-09
40,1,0,0.534094324770457,0.050868790232672,10.0254620654725,1.17636875679721e-09,0.130044941635016,1.85698550518994e-13,0.00375422710193903,3.35848003605063e-11,9.45742206504357e-12,9.87034518727836e-05,3.52948500670459e-09
41,1,0,0.133945823616094,0.0509519192621886,10.0249145779565,1.20193969170348e-09,0.130263660814811,8.48286980641855e-13,0.00376058384996493,3.4322899984545e-11,9.29411068021926e-12,9.88382654103449e-05,3.5779187668786e-09
42,1,0,1.35486257656047,0.0506749846807586,10.0267472343869,1.22813850414338e-09,0.129538602237138,5.21177021165673e-13,0.00373950703220278,3.50729595517743e-11,9.74081447848952e-12,9.83861623005695e-05,3.70267388766055e-09
43,1,0,1.02293127770822,0.0511497619428256,10.0236036273225,1.27986890806024e-09,0.130774543193205,1.92896957625506e-12,0.00377544973907273,3.66245081290953e-11,9.87959927841511e-12,9.91633917583821e-05,3.72488048120603e-09
44,1,0,6.44378965129953,0.0479722740984992,10.0444788524035,3.7043119704258e-08,0.122577245952143,1.22115009279538e-09,0.00353698287479167,1.23064986727605e-09,1.18539526806289e-09,9.3886517108507e-05,4.08849568412789e-09
45,1,0,0.457178981950408,0.0514193819413144,10.0218390555421,1.17037822705759e-09,0.131473316597284,5.08026931965267e-13,0.00379578521312203,3.34202275647017e-11,9.40990621286126e-12,9.96015675352553e-05,3.55628113840321e-09
46,1,0,4.18474811688719,0.0514845012801473,10.0213916241396,1.61176223930003e-09,0.131640000973526,2.22379890887392e-11,0.00380063475913841,5.07209067005013e-11,1.94458037847617e-11,9.97109676059523e-05,3.59855295782054e-09
47,1,0,0.454485491566513,0.0509443778078647,10.0249784503,1.22809703140301e-09,0.130236637780393,1.41642661878924e-13,0.00375981632216127,3.50756125468289e-11,9.44683805891305e-12,9.88270018047115e-05,3.60911249445102e-09
48,1,0,2.63426600843532,0.0512980894522587,10.0226226574195,1.21298409649498e-09,0.131158991851866,9.89409201191536e-12,0.00378663468295665,3.50199553582544e-11,1.3315833633851e-11,9.94060580287541e-05,3.48489990243658e-09
49,1,0,2.12969289008476,0.051378851843436,10.0220838893682,1.20500125805741e-09,0.131371391206988,7.18761755420055e-12,0.00379280729298156,3.45925372002122e-11,1.25173946159749e-11,9.95372337634399e-05,3.61256555512627e-09
50,1,0,0.013021361409102,0.0513618678659313,10.0222061913403,1.24094125087396e-09,0.131324571920909,3.53324914858364e-12,0.00379145316428553,3.55233278894302e-11,1.09341271393134e-11,9.95093808785735e-05,3.6517600578263e-09
