Run,Converged,RMSE_X_Pos,RMSE_Vx_Vel,RMSE_Z_Pos,RMSE_Y_Pos,RMSE_p_RollRate,RMSE_q_PitchRate,RMSE_r_YawRate
1,1,NaN,10.3514459676984,0.000621629467317253,257.098157459926,1.18581293220064e-09,5.88344832141633e-08,2.8121443839477e-09
2,1,NaN,10.3532666619769,0.000211716802078674,94.3417430543692,1.32709330185277e-16,5.87468101367172e-08,1.04413683838072e-15
3,1,NaN,10.3548268848476,3.1276882602465e-05,65.9777087859571,1.60079398004971e-17,5.87754071732494e-08,9.3806142915831e-16
4,1,NaN,10.3534308288148,0.000180907852670125,98.3552592461074,1.76785548378424e-17,5.8721307076881e-08,9.75498288821556e-16
5,1,NaN,10.3550403719808,4.62455337734234e-05,40.2364690404808,1.63857825083354e-17,5.87674753033468e-08,9.66340509459954e-16
6,1,NaN,10.3533390449577,0.000173114979732972,90.4806413828139,3.26116828641344e-17,5.87137566340905e-08,9.46624774621267e-16
7,1,NaN,10.3547707944582,5.02131360214917e-05,30.3414797664248,1.71735106432768e-17,5.868799888163e-08,1.00683773100612e-15
8,1,NaN,10.3519338511181,0.000360966554332274,157.337565863404,9.05801576902689e-11,5.86704388444901e-08,2.14516545946278e-10
9,1,NaN,10.3551173416803,4.68959807098447e-05,19.2247958176251,1.66886586433816e-17,5.88272787574309e-08,9.71960693911225e-16
10,1,NaN,10.3525611314656,0.000464988472241921,220.19024688337,6.68235435760964e-13,5.88976554239551e-08,1.56836926846816e-12
11,1,NaN,10.3540776657885,9.32761170855437e-05,75.909111204395,1.73622905110674e-17,5.87441333124268e-08,9.16784541175111e-16
12,1,NaN,10.3544884257353,5.22945012014248e-05,45.2465875868957,1.59806740341447e-17,5.87703401052651e-08,9.38316350513489e-16
13,1,NaN,10.3480269368101,0.0024926963846571,209.238079748247,1.96121904447747e-06,5.10208430665263e-08,4.24085456056856e-06
14,1,NaN,10.3541270256466,9.59331287925018e-05,40.0470738290056,1.65945603825964e-17,5.8776113480413e-08,1.0063878973395e-15
15,1,NaN,10.3546963982163,5.55970732233006e-05,27.9159947867262,1.65403242137808e-17,5.87599337111259e-08,9.69332690723245e-16
16,1,NaN,10.3551805890474,7.56449806024408e-05,15.7589504621745,1.63824604120479e-17,5.86732789087357e-08,9.1191681946584e-16
17,1,NaN,10.3532002902262,0.000225478067199853,115.227414830949,2.18321935448675e-16,5.86329399669735e-08,1.09222829619287e-15
18,1,NaN,10.3536120625308,9.08272146681765e-05,7.82769349959897,1.86725689575326e-17,5.85437452320349e-08,8.81303214347655e-16
19,1,NaN,10.3538657071923,0.000105369864539916,47.9617154927138,1.60763243459608e-17,5.87926768946941e-08,9.12105151233747e-16
20,1,NaN,10.3536269808341,0.000178133672230059,65.3130309166664,1.61990292373008e-17,5.8755166118695e-08,9.22550913822735e-16
21,1,NaN,10.3530474595265,0.000266184124697199,101.490817045495,3.16341532354123e-15,5.86146159710397e-08,7.37764996300297e-15
22,1,NaN,10.3526610606663,0.000292654676018594,111.602777391827,3.52933956445759e-13,5.86181163098944e-08,8.25589442070841e-13
23,1,NaN,10.3511600005445,0.000447735259168871,246.500228144463,3.86876685544111e-09,5.8852552742642e-08,9.16122942080918e-09
24,1,NaN,10.3534140039941,0.000153211490507017,67.8593917173889,1.96885013561413e-17,5.86465737187161e-08,9.66138187258309e-16
25,1,NaN,10.3540650884996,9.60236953962092e-05,39.5681324658932,1.64877089862815e-17,5.87039967213701e-08,9.82134653903297e-16
26,1,NaN,10.353846582714,0.000152261638517872,80.8928268665489,1.72132718581101e-17,5.86855913957035e-08,1.02245701121923e-15
27,1,NaN,10.3532123705253,0.000208464829649945,78.5713025278087,5.75694953992972e-16,5.86095233831267e-08,1.63620851823114e-15
28,1,NaN,10.3529463405382,0.00031413163391628,113.94776718397,1.57675541773626e-14,5.87099818900715e-08,3.66207872741713e-14
29,1,NaN,10.3546468121671,8.5278769690648e-05,76.5575265416509,1.60986444652741e-17,5.87671391398966e-08,9.42782548484698e-16
30,1,NaN,10.3537262287101,0.000140532776956735,92.9737026927083,1.80299675985297e-17,5.87294398309651e-08,9.84745865363147e-16
31,1,NaN,10.3522536609071,0.000334387110996857,164.159680432356,1.02115795336275e-11,5.85581704796935e-08,2.40899517606187e-11
32,1,NaN,10.3542522185405,7.41468031880314e-05,25.2473455647816,1.76055784642587e-17,5.87217439340373e-08,9.86993516561409e-16
33,1,NaN,10.3511835049049,0.00101311320130915,317.994019589368,3.63472656455051e-09,5.87739980367537e-08,8.59834255231754e-09
34,1,NaN,10.3551918757099,5.81499311314768e-05,1.67312667719051,1.66581506740232e-17,5.87643322318979e-08,9.27645730414715e-16
35,1,NaN,10.3499329618336,0.000490981746308487,270.786548579201,1.32111072115651e-07,5.9017468343049e-08,3.05644905467705e-07
36,1,NaN,10.3541066479202,0.000124478344398446,70.1626130769732,1.67371582938091e-17,5.87438956224752e-08,9.28802493969926e-16
37,1,NaN,10.3552642019784,5.70701387762366e-05,11.0789476676682,1.73202090202072e-17,5.87280701742043e-08,9.66539830449636e-16
38,1,NaN,10.3545874682081,4.17753797771989e-05,42.156365880583,1.63282771898102e-17,5.88063570158345e-08,9.76392553423277e-16
39,1,NaN,10.3539589969521,9.98015035558436e-05,58.4158418369316,1.6980048658747e-17,5.87038745022314e-08,9.37724206084836e-16
40,1,NaN,10.3542864275123,3.437708108795e-05,38.4610838356437,1.64920171543817e-17,5.87354114122384e-08,9.75054360780444e-16
41,1,NaN,10.3535078483654,0.000196176637135296,78.9746659639281,1.62483541355243e-17,5.86525206291463e-08,9.63403320591926e-16
42,1,NaN,10.35365594138,0.000165527391330937,82.8048998425646,1.94457645420786e-17,5.86581554137075e-08,9.1874190725689e-16
43,1,NaN,10.3533344579273,0.000206011065994861,84.7084388060614,2.73026011865666e-17,5.86295268411875e-08,9.32938861826292e-16
44,1,NaN,10.3527441071545,0.000271190301434644,131.835401346979,1.49426820862698e-13,5.86271728103895e-08,3.4874558680951e-13
45,1,NaN,10.3550504606303,2.85382960294803e-05,40.3261370684257,1.62052010441228e-17,5.86789269876969e-08,9.4742199763652e-16
46,1,NaN,10.353199694245,0.000197089052189845,92.5991588635525,5.87129523295502e-16,5.86634990907282e-08,1.69023785493763e-15
47,1,NaN,10.352402638401,0.000536377694968252,214.217140316035,1.08528555534833e-13,5.88341699662367e-08,2.55610400904995e-13
48,1,NaN,10.353324590032,0.000268695122573318,60.7842268730781,3.84816276186037e-17,5.8669585609166e-08,9.46303474692652e-16
49,1,NaN,10.3451849410307,0.00749041560132763,96.8423095607904,1.40004906973071e-05,5.70550320514501e-08,2.65314823190766e-05
50,1,NaN,10.3539608586335,0.000107266302551121,49.4137225600778,1.62555974743178e-17,5.87436957871684e-08,9.58368075584444e-16
51,1,NaN,10.3529287835829,0.000292515305066542,180.943474109101,1.77803252792041e-14,5.88115218511761e-08,4.13022982845205e-14
52,1,NaN,10.3537148355704,0.000123552534374719,64.1166999878191,1.67730215497966e-17,5.86535294069744e-08,9.70663041749018e-16
53,1,NaN,10.3525931527129,0.000340855064124586,160.828975238225,5.77438821492223e-13,5.82419442673332e-08,1.35339949714602e-12
54,1,NaN,10.3548313296448,5.00535173010859e-05,18.5693696937382,1.65491835745053e-17,5.87007802133945e-08,9.35754406708938e-16
55,1,NaN,10.3530511912157,0.000184412889262197,76.741735427029,3.88542096221697e-15,5.87018625123924e-08,9.02771864563485e-15
56,1,NaN,10.3537843346434,0.000115872413480525,42.8569643610014,1.62515225895916e-17,5.86581325313051e-08,9.07939247283452e-16
57,1,NaN,10.3533609481998,0.000182179752488785,58.1182416679888,1.47532947740812e-16,5.86491464774848e-08,1.03538951597284e-15
58,1,NaN,10.3540945969293,0.000111370702660205,49.8662017093624,1.59935066997791e-17,5.87068618592973e-08,9.53748044441141e-16
59,1,NaN,10.3538555544695,0.000116456072375603,44.3458385407563,1.56425971328484e-17,5.86685905873358e-08,9.27218248048849e-16
60,1,NaN,10.3522254512734,0.000339243210774691,123.352725848911,1.35876460442231e-11,5.69045520737243e-08,3.20683024765217e-11
61,1,NaN,10.3530246832715,0.000283163031012052,171.866907115427,1.12693078791522e-14,5.88667999139958e-08,2.6097452486321e-14
62,1,NaN,10.3532172079277,0.0001789313697512,97.8549596733163,3.68257392544764e-16,5.86164129900053e-08,1.2885650424618e-15
63,1,NaN,10.3535277048798,0.0001247859976725,38.8326597347653,1.64111544903655e-17,5.87626563925041e-08,9.28195478034458e-16
64,1,NaN,10.354201517845,0.000113390393838217,43.9906265495098,1.68026299893183e-17,5.86852956472243e-08,9.51756385918296e-16
65,1,NaN,10.3530709237739,0.000206803864830737,71.5655064566294,3.10065165122888e-15,5.87094796370346e-08,7.22199905578857e-15
66,1,NaN,10.3526774234065,0.000330934124961479,181.828132296412,1.69170218487872e-13,5.85925215143748e-08,3.95690584023807e-13
67,1,NaN,10.3541949282336,0.000106852735454831,56.5537075897096,1.75037383637189e-17,5.87080903117075e-08,9.90803772303166e-16
68,1,NaN,10.3529996298175,0.00024305438505114,102.479019402615,8.1954995354754e-15,5.86476098039352e-08,1.89902648604258e-14
69,1,NaN,10.352748049978,0.000342290397927438,136.818147439161,8.76825431658856e-14,5.86584345310963e-08,2.04727906812539e-13
70,1,NaN,10.355065782449,2.57625484218597e-05,82.4560090739699,1.70195914534974e-17,5.86852693538228e-08,9.30851789487478e-16
71,1,NaN,10.3540084702837,0.000123402355830087,50.2983715704183,1.64217661693017e-17,5.87045846585223e-08,9.01606339938953e-16
72,1,NaN,10.3546686705675,3.43116280215952e-05,13.2050605145101,1.69794841841687e-17,5.88102266127087e-08,9.65346447968127e-16
73,1,NaN,10.3533774468857,0.000210489606884415,147.655103709423,5.77165383264197e-16,5.87144407719624e-08,1.64268033470572e-15
74,1,NaN,10.352543739453,0.000459224492905257,169.784424832764,4.67743410177888e-13,5.85978262012773e-08,1.09821450512956e-12
75,1,NaN,10.3527175621371,0.000306602566065673,150.052195806714,1.69568257501097e-13,5.86342489188145e-08,3.96119235799434e-13
76,1,NaN,10.349838653901,0.000848860597688858,145.160544351184,1.32818152373069e-07,5.63606917834504e-08,3.07521423221873e-07
77,1,NaN,10.3522573075374,0.000406736354093036,203.241371647334,8.789808504949e-12,5.80032034441063e-08,2.07407312293523e-11
78,1,NaN,10.3531448742323,0.000235855138504121,103.827943364509,9.23822435973575e-16,5.86348973786523e-08,2.3798068756068e-15
79,1,NaN,10.3549353559386,4.88426653352579e-05,5.5978483035414,1.70703368653949e-17,5.87252352044412e-08,9.91706050188326e-16
80,1,NaN,10.3522005112969,0.000340998518415029,135.637267018679,1.58258929273306e-11,5.86893961862578e-08,3.7365118438818e-11
81,1,NaN,10.3527463693418,0.000275574286223647,117.60529843426,1.48046733364196e-13,5.85851044612028e-08,3.45536749692976e-13
82,1,NaN,10.3431555790005,0.00905383589081607,341.200306486803,4.24656513968368e-05,5.54435417782217e-08,6.8955731068506e-05
83,1,NaN,10.3528303753906,0.00029567634187224,124.997985344575,3.86731682326463e-14,5.86040419138557e-08,9.00663716340483e-14
84,1,NaN,10.3531903232348,0.000268472424993467,113.784492881615,8.49219053254081e-17,5.87494900804798e-08,9.54544691245844e-16
85,1,NaN,10.3553162652136,4.48772689525691e-05,5.49398189668507,1.62072527746326e-17,5.87825891966782e-08,9.02010368963224e-16
86,1,NaN,10.3535827300719,0.000175792108497715,164.082145684453,2.14702327914629e-16,5.87481373693729e-08,1.06646533128222e-15
87,1,NaN,10.3528031856822,0.000231566228797625,131.720479750662,7.15461081809416e-14,5.85977159749388e-08,1.6666915282574e-13
88,1,NaN,10.3521713843115,0.000368478146269737,185.726515196165,1.78665130524635e-11,5.85393374134006e-08,4.22042539324473e-11
89,1,NaN,10.3536900606494,0.000141016939153771,75.6073673467665,1.69077811743045e-17,5.86539572210645e-08,9.16446705989918e-16
90,1,NaN,10.3529280891501,0.000320747792264592,99.8249750670115,2.15473807621008e-14,5.87071957756528e-08,5.00420136217844e-14
91,1,NaN,10.3547287258007,9.62150397964633e-05,36.8464439962399,1.67117770288066e-17,5.87638202055579e-08,9.42623598637204e-16
92,1,NaN,10.3505499929423,0.000409440669922936,163.764019581854,2.59214016662635e-08,5.89970734815863e-08,6.09360107401758e-08
93,1,NaN,10.3553303255823,3.81801187803324e-05,12.6380283495649,1.66080554612176e-17,5.87639292593366e-08,9.66851447032948e-16
94,1,NaN,10.3547226957893,8.15805482737138e-05,17.4139286201197,1.68086375859084e-17,5.88062074461337e-08,9.52149314754904e-16
95,1,NaN,10.3542037592711,7.7011820576856e-05,33.3889252775852,1.58801467393976e-17,5.86760355056698e-08,9.50053882019364e-16
96,1,NaN,10.3521810070631,0.000733927102771029,180.539051303261,1.20367022818954e-11,5.86312421940962e-08,2.84623306928705e-11
97,1,NaN,10.3533537437069,0.000177762859862802,78.4531519972331,5.18790564307286e-17,5.87214186959401e-08,1.02283714417866e-15
98,1,NaN,10.3530279492379,0.000255608234317564,101.947458357715,2.73617593521363e-15,5.81792952947056e-08,6.41041237189141e-15
99,1,NaN,10.353282606012,0.000214184514977211,141.994802919019,1.20219275152712e-15,5.86661835948909e-08,2.92669433818965e-15
100,1,NaN,10.3470745904575,0.00463840518269811,36.6319629516444,3.85933641797085e-06,5.09066965814566e-08,8.08134607294347e-06
